{
    "minimumStatStage": -4,
    "maximumStatStage": 4,
    "attackBuffMultiplier": [
        0.5,
        0.5714286,
        0.6666667,
        0.8,
        1,
        1.25,
        1.5,
        1.75,
        2
    ],
    "defenseBuffMultiplier": [
        0.5,
        0.5714286,
        0.6666667,
        0.8,
        1,
        1.25,
        1.5,
        1.75,
        2
    ]
}