{
    "rankNum": [
        1,
        1,
        1,
        1,
        1,
        1,
        1,
        1,
        1,
        1,
        1,
        1,
        1,
        1,
        1,
        1,
        1,
        1,
        1,
        1,
        1,
        1,
        1,
        1,
        1,
        1,
        1,
        1,
        1,
        1,
        1,
        1,
        1,
        1,
        1,
        1,
        1,
        1,
        1,
        1,
        1,
        1,
        1,
        1,
        1,
        1,
        1,
        1,
        1,
        1
    ],
    "requiredExperience": [
        0,
        1000,
        3000,
        6000,
        10000,
        15000,
        21000,
        28000,
        36000,
        45000,
        55000,
        65000,
        75000,
        85000,
        100000,
        120000,
        140000,
        160000,
        185000,
        210000,
        260000,
        335000,
        435000,
        560000,
        710000,
        900000,
        1100000,
        1350000,
        1650000,
        2000000,
        2500000,
        3000000,
        3750000,
        4750000,
        6000000,
        7500000,
        9500000,
        12000000,
        15000000,
        20000000,
        26000000,
        33500000,
        42500000,
        53500000,
        66500000,
        82000000,
        100000000,
        121000000,
        146000000,
        176000000
    ],
    "cpMultiplier": [
        0.094,
        0.16639787,
        0.21573247,
        0.25572005,
        0.29024988,
        0.3210876,
        0.34921268,
        0.3752356,
        0.39956728,
        0.4225,
        0.44310755,
        0.4627984,
        0.48168495,
        0.49985844,
        0.51739395,
        0.5343543,
        0.5507927,
        0.5667545,
        0.5822789,
        0.5974,
        0.6121573,
        0.6265671,
        0.64065295,
        0.65443563,
        0.667934,
        0.6811649,
        0.69414365,
        0.7068842,
        0.7193991,
        0.7317,
        0.7377695,
        0.74378943,
        0.74976104,
        0.7556855,
        0.76156384,
        0.76739717,
        0.7731865,
        0.77893275,
        0.784637,
        0.7903,
        0.7953,
        0.8003,
        0.8053,
        0.8103,
        0.8153,
        0.8203,
        0.8253,
        0.8303,
        0.8353,
        0.8403,
        0.8453,
        0.8503,
        0.8553,
        0.8603,
        0.8653
    ],
    "maxEggPlayerLevel": 20,
    "maxEncounterPlayerLevel": 30,
    "maxQuestEncounterPlayerLevel": 15
}